"Donor ID","First Name","Last Name","Date of Birth","Gender","Blood Group","Contact Number","Address"
"1","John","Smith","1990-05-15","Male","A+","123-456-7890","123 Main St, City"
"2","Emily","Johnson","1985-10-20","Female","O-","456-789-0123","456 Elm St, Town"
"3","Michael","Williams","1988-03-12","Male","B+","789-012-3456","789 Oak St, Village"
"4","Jessica","Brown","1992-07-04","Female","AB-","987-654-3210","456 Pine St, City"
"5","David","Davis","1983-12-30","Male","O+","654-321-0987","321 Oak St, Town"
"6","Sarah","Wilson","1995-09-18","Female","A-","321-654-9870","789 Maple St, City"
"7","Christopher","Anderson","1980-02-25","Male","B-","012-345-6789","456 Cedar St, Town"
"8","Ashley","Martinez","1991-06-08","Female","AB+","987-654-3210","123 Pine St, Village"
"9","Matthew","Taylor","1975-11-17","Male","A+","789-012-3456","654 Elm St, City"
"10","Amanda","Thomas","1987-04-03","Female","B+","456-789-0123","321 Maple St, Town"
"11","Daniel","Garcia","1993-08-22","Male","O-","321-654-9870","789 Cedar St, Village"
"12","Melissa","Rodriguez","1982-01-12","Female","AB-","654-321-0987","456 Oak St, City"
"13","Ryan","Lopez","1978-10-27","Male","B+","012-345-6789","123 Pine St, Town"
"14","Brittany","Hernandez","1996-03-15","Female","A+","987-654-3210","456 Elm St, Village"
"15","Justin","Martinez","1989-07-08","Male","O+","789-012-3456","321 Cedar St, City"
"16","Samantha","Smith","1994-05-20","Female","AB+","456-789-0123","789 Maple St, Town"
"17","Nicholas","Johnson","1986-12-10","Male","B-","321-654-9870","123 Oak St, Village"
"18","Lauren","Lee","1981-09-05","Female","A-","012-345-6789","456 Pine St, City"
"19","Brandon","Wilson","1990-04-29","Male","O+","789-012-3456","789 Elm St, Town"
"20","Megan","Brown","1987-02-14","Female","B+","456-789-0123","123 Cedar St, City"
